{
  "Get All To-dos" : {
    "transaction" : "Get All To-dos",
    "sampleCount" : 976,
    "errorCount" : 848,
    "errorPct" : 86.88525,
    "meanResTime" : 2462.248975409836,
    "medianResTime" : 127.0,
    "minResTime" : 87.0,
    "maxResTime" : 61693.0,
    "pct1ResTime" : 454.40000000000055,
    "pct2ResTime" : 26992.749999999993,
    "pct3ResTime" : 51553.75000000002,
    "throughput" : 14.116898332296746,
    "receivedKBytesPerSec" : 17.655304187699784,
    "sentKBytesPerSec" : 3.0329273760793787
  },
  "Get All Users" : {
    "transaction" : "Get All Users",
    "sampleCount" : 1414,
    "errorCount" : 1304,
    "errorPct" : 92.22065,
    "meanResTime" : 17959.099009900983,
    "medianResTime" : 371.5,
    "minResTime" : 91.0,
    "maxResTime" : 69179.0,
    "pct1ResTime" : 63343.0,
    "pct2ResTime" : 66054.25,
    "pct3ResTime" : 68506.09999999999,
    "throughput" : 18.793444888953868,
    "receivedKBytesPerSec" : 23.084030036782785,
    "sentKBytesPerSec" : 4.037654175361182
  },
  "Total" : {
    "transaction" : "Total",
    "sampleCount" : 4537,
    "errorCount" : 4013,
    "errorPct" : 88.450516,
    "meanResTime" : 7747.32069649549,
    "medianResTime" : 172.0,
    "minResTime" : 86.0,
    "maxResTime" : 69179.0,
    "pct1ResTime" : 40886.4,
    "pct2ResTime" : 60800.1,
    "pct3ResTime" : 66850.73999999999,
    "throughput" : 60.227529171257515,
    "receivedKBytesPerSec" : 80.09956682839734,
    "sentKBytesPerSec" : 12.97937135359281
  },
  "Get All Posts" : {
    "transaction" : "Get All Posts",
    "sampleCount" : 1122,
    "errorCount" : 976,
    "errorPct" : 86.987526,
    "meanResTime" : 4706.6559714795,
    "medianResTime" : 137.0,
    "minResTime" : 87.0,
    "maxResTime" : 62070.0,
    "pct1ResTime" : 17309.60000000001,
    "pct2ResTime" : 47784.699999999924,
    "pct3ResTime" : 60291.43,
    "throughput" : 16.03911141607342,
    "receivedKBytesPerSec" : 25.467614767382855,
    "sentKBytesPerSec" : 3.445902843297024
  },
  "Get All Comments" : {
    "transaction" : "Get All Comments",
    "sampleCount" : 1025,
    "errorCount" : 885,
    "errorPct" : 86.34146,
    "meanResTime" : 2020.8829268292689,
    "medianResTime" : 127.0,
    "minResTime" : 86.0,
    "maxResTime" : 62039.0,
    "pct1ResTime" : 346.4,
    "pct2ResTime" : 15017.999999999998,
    "pct3ResTime" : 48945.96,
    "throughput" : 14.806147801467615,
    "receivedKBytesPerSec" : 18.705795974894553,
    "sentKBytesPerSec" : 3.22438570285867
  }
}